id,candidate_id,candidate_number,file_name,portal_norm,prev_archived_at
cmn7lrd8r000n1do66a6bhf0w,cmn5oqs6w000l1dnyst204o05,5004218,求人票_みのる産業株式会社_20260326212233907.pdf,みのる産業株式会社,
cmqkhqukq00ii1dqmagwvicok,cmqei9z1i00f01dmouh3j6hv7,5008076,求人票_株式会社アイエイアイ_20260619142744093.pdf,株式会社アイエイアイ,
cmpfd9v1u00de1dnvuo03w4ud,cmlqp43ee02dyss4fsaijk4o3,5003186,求人票_三本珈琲株式会社_20260521194526718.pdf,三本珈琲株式会社,
cmpltxi2200421dmkcc6zmvag,cmlqp43ee02dyss4fsaijk4o3,5003186,求人票_ファインフーズ株式会社_20260526081845806.pdf,ファインフーズ株式会社,
cmnync5gy000d1dt1fda8k4yd,cmnyah8sc00911do9lsxpgo1t,5004338,求人票_株式会社ベネッセキャリオス_20260414221540296.pdf,株式会社ベネッセキャリオス,
cmnynbxgk000b1dt1as7wj2b7,cmnyah8sc00911do9lsxpgo1t,5004338,求人票_株式会社マジカルポケット_20260414221539567.pdf,株式会社マジカルポケット,
cmnynclmj000h1dt11ebrhh0t,cmnyah8sc00911do9lsxpgo1t,5004338,求人票_株式会社グロップ_20260414221541101.pdf,株式会社グロップ,
cmnynd9bi000n1dt128n9lqhs,cmnyah8sc00911do9lsxpgo1t,5004338,求人票_株式会社ＬＩＴＡＬＩＣＯ_20260414221545851.pdf,株式会社ＬＩＴＡＬＩＣＯ,
cmnyndr40000s1dt1qecdid4b,cmnyah8sc00911do9lsxpgo1t,5004338,求人票_スノーデン株式会社_20260414221543754.pdf,スノーデン株式会社,
cmnyne45g000v1dt1wvyqxo91,cmnyah8sc00911do9lsxpgo1t,5004338,求人票_アデコ株式会社_20260414221541302.pdf,アデコ株式会社,
cmnyneb3y000x1dt1r4nkgtsp,cmnyah8sc00911do9lsxpgo1t,5004338,求人票_大和ライフネクスト株式会社_20260414221544709.pdf,大和ライフネクスト株式会社,
cmnynem0b00101dt1fa6jhk6o,cmnyah8sc00911do9lsxpgo1t,5004338,求人票_株式会社ワークポート_20260414221542412.pdf,株式会社ワークポート,
cmnynbteg000a1dt1zw8fzcyl,cmnyah8sc00911do9lsxpgo1t,5004338,求人票_株式会社マスメディアン_20260414221539792.pdf,株式会社マスメディアン,
cmnyndn3u000r1dt1dxl4kms7,cmnyah8sc00911do9lsxpgo1t,5004338,求人票_パーソルイノベーション株式会社_20260414221541922.pdf,パーソルイノベーション株式会社,
cmnynct1y000j1dt1j1nn3glv,cmnyah8sc00911do9lsxpgo1t,5004338,求人票_株式会社クーリエ_20260414221543047.pdf,株式会社クーリエ,
cmnynetqs00121dt1aljpyeui,cmnyah8sc00911do9lsxpgo1t,5004338,求人票_株式会社ヤマシタ_20260414221545342.pdf,株式会社ヤマシタ,
cmnynduw9000t1dt1ynsxurn4,cmnyah8sc00911do9lsxpgo1t,5004338,求人票_クラシス株式会社_20260414221542826.pdf,クラシス株式会社,
cmnynch8l000g1dt1031awkjs,cmnyah8sc00911do9lsxpgo1t,5004338,求人票_株式会社ゼネラルパートナーズ_20260414221540743.pdf,株式会社ゼネラルパートナーズ,
cmo2q6jfd00091dqb2sk9f4rp,cmnyah8sc00911do9lsxpgo1t,5004338,株式会社Ｄダイレクションズ_No245305.pdf,株式会社Ｄダイレクションズ,
cmo2q6uih000b1dqbl9gd9bd7,cmnyah8sc00911do9lsxpgo1t,5004338,求人票_株式会社アガルート_20260417182610623.pdf,株式会社アガルート,
cmo2q7r95000k1dqb8l1asldr,cmnyah8sc00911do9lsxpgo1t,5004338,求人票_株式会社FinT_20260417182610431.pdf,株式会社FinT,
cmo2re7mb00121dqb7ym4aunm,cmnyah8sc00911do9lsxpgo1t,5004338,求人票_株式会社Ｍｅｄｉｃａｌ　Ｓｈｉｆｔ_20260417192045586.pdf,株式会社Ｍｅｄｉｃａｌ　Ｓｈｉｆｔ,
cmo2rdzny00101dqb83knl2z7,cmnyah8sc00911do9lsxpgo1t,5004338,求人票_アコマ医科工業株式会社_20260417192045279.pdf,アコマ医科工業株式会社,
cmowpwv3000601dqz2spvd249,cmnyah8sc00911do9lsxpgo1t,5004338,求人票_株式会社Speee_20260508183322611.pdf,株式会社Speee,
cmowp3obl00571dqzh0ft2x7o,cmnyah8sc00911do9lsxpgo1t,5004338,ネクステージグループホールディングス株式会社_No101212.pdf,ネクステージグループホールディングス株式会社,
cmo6jesdj003q1do5zezu5zdc,cmo201hmq000n1dp1v79lphnv,5004345,求人票_株式会社ザ・トーカイ_20260420103535696.pdf,株式会社ザ・トーカイ,
cmo6ixkad002t1do5g5euemmv,cmo201hmq000n1dp1v79lphnv,5004345,求人票_株式会社ヤマコ_20260420103534482.pdf,株式会社ヤマコ,
cmo6ixxp1002x1do5oq7a3en9,cmo201hmq000n1dp1v79lphnv,5004345,求人票_中京フロン株式会社_20260420103535234.pdf,中京フロン株式会社,
cmo6iymc2003a1do5rhtk87h2,cmo201hmq000n1dp1v79lphnv,5004345,求人票_株式会社MARUWA_20260420103533838.pdf,株式会社MARUWA,
cmo6ixnpv002u1do52lakibxn,cmo201hmq000n1dp1v79lphnv,5004345,求人票_株式会社穴吹ハウジングサービス_20260420103535102.pdf,株式会社穴吹ハウジングサービス,
cmo6ix9wf002q1do5v3gt4o17,cmo201hmq000n1dp1v79lphnv,5004345,求人票_株式会社ギミック_20260420103535965.pdf,株式会社ギミック,
cmoh1dtkr00791dnvuve6awdr,cmmx0wbnj00061dmio6pk3211,5004187,株式会社RUSH OF_No420491.pdf,株式会社RUSH OF,
cmo70xqpc002m1dpic9q4sn40,cmmx0wbnj00061dmio6pk3211,5004187,株式会社TAKUTO_No181668.pdf,株式会社TAKUTO,
cmo70xney002l1dpinubr6kii,cmmx0wbnj00061dmio6pk3211,5004187,大和財託株式会社_No285235.pdf,大和財託株式会社,
cmo70u3g7002i1dpiri99mwn6,cmmx0wbnj00061dmio6pk3211,5004187,ファイズトランスポートサービス株式会社_No285341.pdf,ファイズトランスポートサービス株式会社,
cmo70tv2o002g1dpi6vs8t814,cmmx0wbnj00061dmio6pk3211,5004187,株式会社TAKUTO_No352185.pdf,株式会社TAKUTO,
cmo70ycw4002s1dpiy2bsi55h,cmmx0wbnj00061dmio6pk3211,5004187,信和グループ_No334306.pdf,信和グループ,
cmo70y4wk002q1dpi5o1yv89c,cmmx0wbnj00061dmio6pk3211,5004187,株式会社ヤマシタ_No398197.pdf,株式会社ヤマシタ,
cmnhd9j1e000t1drxt5bedssi,cmnfyskp5000q1dml0g37fehf,5004239,株式会社ゴルフ・ドゥ_No369739.pdf,株式会社ゴルフ・ドゥ,
cmnhd8hdq000k1drxjtbh0d2j,cmnfyskp5000q1dml0g37fehf,5004239,DAIWA　CYCLE株式会社（ダイワサイクル）_No408403.pdf,DAIWA　CYCLE株式会社（ダイワサイクル）,
cmnhd8l5r000l1drxzvbj0c1p,cmnfyskp5000q1dml0g37fehf,5004239,EGGS 'N THINGS JAPAN株式会社_No230616.pdf,EGGS 'N THINGS JAPAN株式会社,
cmnhd9th0000w1drxok1it4mo,cmnfyskp5000q1dml0g37fehf,5004239,東京日食株式会社_No396371.pdf,東京日食株式会社,
cmnhd9f1e000s1drxtjlgluse,cmnfyskp5000q1dml0g37fehf,5004239,株式会社オーエムツーミート_No337412.pdf,株式会社オーエムツーミート,
cmnhd96lg000q1drxrg6guv7m,cmnfyskp5000q1dml0g37fehf,5004239,株式会社いーふらん_No400568.pdf,株式会社いーふらん,
cmnhd93ga000p1drxsqigtr8y,cmnfyskp5000q1dml0g37fehf,5004239,株式会社アイナボ物流_No250067.pdf,株式会社アイナボ物流,
cmp6twq0r00121dmo6ydpsw7c,cmp6gpegs00021do5iecvbw64,5007904,求人票_三谷商事株式会社_20260515202132225.pdf,三谷商事株式会社,
cmpbpl6kt000g1dojnbdozh79,cmp6gpegs00021do5iecvbw64,5007904,求人票_ラインズ株式会社_20260519061847020.pdf,ラインズ株式会社,
cmpbplogx000l1dojycjy4uat,cmp6gpegs00021do5iecvbw64,5007904,求人票_株式会社学生情報センター_20260519061847806.pdf,株式会社学生情報センター,
cmpbpm2cb000p1dojbthx8yw6,cmp6gpegs00021do5iecvbw64,5007904,求人票_Solvvy株式会社_20260519061847311.pdf,Solvvy株式会社,
cmp6tvp12000r1dmouu60kq9s,cmp6gpegs00021do5iecvbw64,5007904,求人票_株式会社アガルート_20260515202132355.pdf,株式会社アガルート,
cmpbpm9nu000r1dojvnsw65m2,cmp6gpegs00021do5iecvbw64,5007904,求人票_トランス・コスモス株式会社_20260519061847659.pdf,トランス・コスモス株式会社,
cmpbpla86000h1dojxl8xfozk,cmp6gpegs00021do5iecvbw64,5007904,求人票_株式会社ＫＥＩアドバンス_20260519061846286.pdf,株式会社ＫＥＩアドバンス,
cmpclyzzi00km1dn1whule7rz,cmp6gpegs00021do5iecvbw64,5007904,アスフィール株式会社_No274768.pdf,アスフィール株式会社,
cmo89l5vs000e1dn34jlj9sp9,cmo1ch3jy000x1do7g6604ufp,5004341,株式会社ヨコソー_No402886.pdf,株式会社ヨコソー,
cmok3884n000p1do8unhr7m5h,cmoh75xhi008h1dnv2yvagi4e,5004357,株式会社安田精機製作所_No10600.pdf,株式会社安田精機製作所,
cmok2rx3q00091do8hksvoyxa,cmoh75xhi008h1dnv2yvagi4e,5004357,求人票_株式会社コベルコＥ＆Ｍ_20260429221141800.pdf,株式会社コベルコＥ＆Ｍ,
cmok2s7j0000c1do86njyq6d1,cmoh75xhi008h1dnv2yvagi4e,5004357,求人票_株式会社松野組_20260429221141373.pdf,株式会社松野組,
cmok2s0dw000a1do826sn6p2n,cmoh75xhi008h1dnv2yvagi4e,5004357,求人票_株式会社ファーマインド_20260429221140329.pdf,株式会社ファーマインド,
cmok35140000k1do8ypao1td6,cmoh75xhi008h1dnv2yvagi4e,5004357,求人票_株式会社ファーマインド_20260429222221452.pdf,株式会社ファーマインド,
cmok2sbd7000d1do80xqqjzhl,cmoh75xhi008h1dnv2yvagi4e,5004357,求人票_石川株式会社_20260429221140810.pdf,石川株式会社,
cmok38jhb000r1do8c0yjsjff,cmoh75xhi008h1dnv2yvagi4e,5004357,ニタコンサルタント株式会社_No132178.pdf,ニタコンサルタント株式会社,
cmq3s5638000b1do06dz8ddq2,cmp2fl7a800011do10fz32x1v,5007896,株式会社GENOVA_No452508_.pdf,株式会社GENOVA_No452508_,
cmnwa2tjp00001dpj70czhbjp,cmnr7tphn00281dqxq88i1bsd,5004276,求人票_株式会社放電精密加工研究所_20260413062825536.pdf,株式会社放電精密加工研究所,
cmnwa42yh000c1dpj8awh7yvs,cmnr7tphn00281dqxq88i1bsd,5004276,求人票_株式会社中建サービス_20260413062826381.pdf,株式会社中建サービス,
cmnwa3z3j000b1dpjo5w2cxwz,cmnr7tphn00281dqxq88i1bsd,5004276,求人票_株式会社技研施工_20260413062825308.pdf,株式会社技研施工,
cmnwa3sar00091dpjg8n9cuyq,cmnr7tphn00281dqxq88i1bsd,5004276,求人票_株式会社フードトラックカンパニー_20260413062825082.pdf,株式会社フードトラックカンパニー,
cmnwa3g7y00061dpj5g9aw3nr,cmnr7tphn00281dqxq88i1bsd,5004276,求人票_株式会社Ｂｅｒｒｙ_20260413062827123.pdf,株式会社Ｂｅｒｒｙ,
cmnwa38na00041dpjztil5anw,cmnr7tphn00281dqxq88i1bsd,5004276,求人票_日本ビソー 株式会社_20260413062824742.pdf,日本ビソー 株式会社,
cmnwa313c00021dpjpassemui,cmnr7tphn00281dqxq88i1bsd,5004276,求人票_千代田エナメル金属株式会社_20260413062827478.pdf,千代田エナメル金属株式会社,
cmoznh3iu005s1dos3cocbykg,cmmu0yw4200241dmqjnc6jmoq,5004136,オーガニックグループ株式会社_No215170.pdf,オーガニックグループ株式会社,
cmo7a88oe003n1dpi8dtx2klm,cmmu0yw4200241dmqjnc6jmoq,5004136,求人票_株式会社カーブスジャパン_20260416143858104.pdf,株式会社カーブスジャパン,
cmo7a7sqk003m1dpifizs1kwf,cmmu0yw4200241dmqjnc6jmoq,5004136,株式会社ダブルチーム_No402333.pdf,株式会社ダブルチーム,
cmpwgfi1b00ec1dmucq581xqy,cmpkvhwq700301dqtg001i6e7,5007959,株式会社アシロ_No332441.pdf,株式会社アシロ,
cmpwgfeim00eb1dmujo1e1qh0,cmpkvhwq700301dqtg001i6e7,5007959,株式会社YOUTRUST_No405686.pdf,株式会社YOUTRUST,
cmpwgflhf00ed1dmuwawkhhpp,cmpkvhwq700301dqtg001i6e7,5007959,株式会社エースプロ_No236872.pdf,株式会社エースプロ,
cmpwgfp4800ee1dmuzi7kbd8f,cmpkvhwq700301dqtg001i6e7,5007959,株式会社スペクトラム_No340630.pdf,株式会社スペクトラム,
cmpwgftb800ef1dmus4uudp7k,cmpkvhwq700301dqtg001i6e7,5007959,株式会社スペクトラム_No404683.pdf,株式会社スペクトラム,
cmpwgfwgh00eg1dmuettc4h2l,cmpkvhwq700301dqtg001i6e7,5007959,dotSSR株式会社_No238038.pdf,dotSSR株式会社,
cmpwgfzt400eh1dmuckytd9y5,cmpkvhwq700301dqtg001i6e7,5007959,taskey株式会社_No404975.pdf,taskey株式会社,
cmpwgg2wp00ei1dmu8c5oqjwp,cmpkvhwq700301dqtg001i6e7,5007959,株式会社DONUTS_No369857.pdf,株式会社DONUTS,
cmo709wf1001n1dpixzwc5wj8,cmo2tcd8a001i1dqb2zit3e5k,5004328,求人票_株式会社タカネットサービス_20260420184017314.pdf,株式会社タカネットサービス,
cmo70b3tw001z1dpin1xhlsvb,cmo2tcd8a001i1dqb2zit3e5k,5004328,求人票_アクサ生命保険株式会社_20260420184018287.pdf,アクサ生命保険株式会社,
cmo70awce001x1dpim53b10ez,cmo2tcd8a001i1dqb2zit3e5k,5004328,求人票_株式会社アルファ_20260420184016556.pdf,株式会社アルファ,
cmo709ibz001j1dpi8oz4njna,cmo2tcd8a001i1dqb2zit3e5k,5004328,求人票_リコーリース株式会社_20260420184019739.pdf,リコーリース株式会社,
cmo7ovw4v00011dt90ggqzs5y,cmo2tcd8a001i1dqb2zit3e5k,5004328,鈴与株式会社_No222528.pdf,鈴与株式会社,
cmozczg6j00281doszei5b5y0,cmobakzdu000l1dpfwvyf864v,5004495,東洋建設株式会社_No203072.pdf,東洋建設株式会社,
cmozcz7bs00231dosf6urfi66,cmobakzdu000l1dpfwvyf864v,5004495,株式会社アクシスイノベーション_No128171.pdf,株式会社アクシスイノベーション,
cmozcz78a00221doshiy3beuf,cmobakzdu000l1dpfwvyf864v,5004495,株式会社香山組_No358236.pdf,株式会社香山組,
cmozcz18b001y1dos3xpe5fcz,cmobakzdu000l1dpfwvyf864v,5004495,株式会社ムルーデル_No239590.pdf,株式会社ムルーデル,
cmozcyyag001x1dos2gh2g00k,cmobakzdu000l1dpfwvyf864v,5004495,サングローブ株式会社_No385346.pdf,サングローブ株式会社,
cmozcyy95001w1doskszkcs6t,cmobakzdu000l1dpfwvyf864v,5004495,株式会社プレックス_No313638.pdf,株式会社プレックス,
cmozcyupa001v1dosmuse8817,cmobakzdu000l1dpfwvyf864v,5004495,株式会社ニシテック_No357662.pdf,株式会社ニシテック,
cmozcyoe3001t1dos5ljctb4v,cmobakzdu000l1dpfwvyf864v,5004495,株式会社エス・ケイ通信_No7809.pdf,株式会社エス・ケイ通信,
cmozcykx1001s1dosvc3qal17,cmobakzdu000l1dpfwvyf864v,5004495,株式会社エール_No49649.pdf,株式会社エール,
cmozcz1fp001z1dosy4phaeoh,cmobakzdu000l1dpfwvyf864v,5004495,セントラルエンジニアリング株式会社_No119436.pdf,セントラルエンジニアリング株式会社,
cmozcz4gj00211dosnab8crgr,cmobakzdu000l1dpfwvyf864v,5004495,株式会社FIKA_No414518.pdf,株式会社FIKA,
cmozcz46c00201dosd1z2jn9f,cmobakzdu000l1dpfwvyf864v,5004495,株式会社ワット・コンサルティング_No402541.pdf,株式会社ワット・コンサルティング,
cmozczlxp002c1dosjf60vcle,cmobakzdu000l1dpfwvyf864v,5004495,エコロシティ株式会社_No209380.pdf,エコロシティ株式会社,
cmozcza7400241dosdmbiv9uq,cmobakzdu000l1dpfwvyf864v,5004495,新日本ウエックス株式会社_No179879.pdf,新日本ウエックス株式会社,
cmo8emm4z000g1ds6icytcgw6,cmnyhgpi700c31do940f17609,5004312,株式会社キッカケクリエイション_No321858.pdf,株式会社キッカケクリエイション,
cmor88txq00171dmpmzwgvqq0,cmnyhgpi700c31do940f17609,5004312,株式会社BOAST_No399908.pdf,株式会社BOAST,
cmor8819v00101dmpzxbze6uf,cmnyhgpi700c31do940f17609,5004312,株式会社Juice_No428617.pdf,株式会社Juice,
cmor885he00111dmpvxhal9oo,cmnyhgpi700c31do940f17609,5004312,株式会社アップルパーク_No237149.pdf,株式会社アップルパーク,
cmpe40rnf00h71dmkkprqbv3h,cmnyhgpi700c31do940f17609,5004312,求人票_グッドルーム株式会社_20260520223944776.pdf,グッドルーム株式会社,
cmpe411tx00ha1dmk2em7mkb0,cmnyhgpi700c31do940f17609,5004312,求人票_ヤマト電機株式会社_20260520223944649.pdf,ヤマト電機株式会社,
cmpe41sbw00hi1dmk4adq540i,cmnyhgpi700c31do940f17609,5004312,求人票_野原グループ株式会社_20260520223943803.pdf,野原グループ株式会社,
cmq0rnap3001h1dn78cm2w08f,cmpf7wrdm009q1dnv7x6z4yxe,5007936,株式会社GSTV_No342259.pdf,株式会社GSTV,
cmq0rnkv8001j1dn7dtl07vto,cmpf7wrdm009q1dnv7x6z4yxe,5007936,株式会社アバン_No223650.pdf,株式会社アバン,
cmq0ro3c0001n1dn7dxfbj6tb,cmpf7wrdm009q1dnv7x6z4yxe,5007936,株式会社ヤナセ_No311881.pdf,株式会社ヤナセ,
cmq0robf1001p1dn7xrxlkjn9,cmpf7wrdm009q1dnv7x6z4yxe,5007936,株式会社水野_No381562.pdf,株式会社水野,
cmq0roovx001s1dn7fj7c1x7k,cmpf7wrdm009q1dnv7x6z4yxe,5007936,株式会社美々卯_No181297.pdf,株式会社美々卯,
cmpnffk23009p1dnvv8elgub6,cmpf7wrdm009q1dnv7x6z4yxe,5007936,求人票_ＮＳグループ株式会社_20260527110742637.pdf,ＮＳグループ株式会社,
cmpnffnhu009q1dnv4ectupzx,cmpf7wrdm009q1dnv7x6z4yxe,5007936,求人票_株式会社はなまる_20260527110743100.pdf,株式会社はなまる,
cmq0rmpbe001c1dn7jo46y990,cmpf7wrdm009q1dnv7x6z4yxe,5007936,アナディス株式会社_No275523.pdf,アナディス株式会社,
cmq0rmt1r001d1dn7uyxxqjlq,cmpf7wrdm009q1dnv7x6z4yxe,5007936,株式会社 はなまる_No251087.pdf,株式会社 はなまる,
cmq0rn682001g1dn7vsgjys03,cmpf7wrdm009q1dnv7x6z4yxe,5007936,株式会社DAY TO LIFE　（永谷園グループ）_No285471.pdf,株式会社DAY TO LIFE　（永谷園グループ）,
cmq0rnyuo001m1dn7e2vj2yiy,cmpf7wrdm009q1dnv7x6z4yxe,5007936,株式会社つぼルー_No266636.pdf,株式会社つぼルー,
cmq0rmm2u001b1dn7sizy2f1h,cmpf7wrdm009q1dnv7x6z4yxe,5007936,アナディス株式会社_No140803.pdf,アナディス株式会社,
cmp6954ub001f1dqqdcyyohbu,cmp25nals002s1dmrykq2ipyi,5007795,株式会社ディーソル_No225467.pdf,株式会社ディーソル,
cmp694i6n00181dqqyae2cyn1,cmp25nals002s1dmrykq2ipyi,5007795,求人票_株式会社日乃本錠前_20260515103950356.pdf,株式会社日乃本錠前,
cmp694ve2001c1dqqzyg1biq2,cmp25nals002s1dmrykq2ipyi,5007795,求人票_福西電機株式会社_20260515103948359.pdf,福西電機株式会社,
cmp694yjg001d1dqq90qm0b6y,cmp25nals002s1dmrykq2ipyi,5007795,株式会社 CIN GROUP_No305224.pdf,株式会社 CIN GROUP,
cmp694lc900191dqqqtbaoafk,cmp25nals002s1dmrykq2ipyi,5007795,求人票_小林クリエイト株式会社_20260515103949955.pdf,小林クリエイト株式会社,
cmp693uk200111dqq07cdi09o,cmp25nals002s1dmrykq2ipyi,5007795,求人票_株式会社Ａｍａｔｏｒａ_20260515103950106.pdf,株式会社Ａｍａｔｏｒａ,
cmp693xhj00121dqqlfaqez4q,cmp25nals002s1dmrykq2ipyi,5007795,求人票_株式会社ＣＡＲＴＡ　ＨＯＬＤＩＮＧＳ_20260515103949192.pdf,株式会社ＣＡＲＴＡ　ＨＯＬＤＩＮＧＳ,
cmp69410r00131dqqn35x557p,cmp25nals002s1dmrykq2ipyi,5007795,求人票_株式会社アクア・ライン_20260515103948698.pdf,株式会社アクア・ライン,
cmp694ofm001a1dqqy26v8223,cmp25nals002s1dmrykq2ipyi,5007795,求人票_松下産業株式会社_20260515103949471.pdf,松下産業株式会社,
cmp6951k8001e1dqqlyxo335h,cmp25nals002s1dmrykq2ipyi,5007795,株式会社スタートライン_No121967.pdf,株式会社スタートライン,
cmolawh59002k1dmo4euq5s8r,cmolavpzy002f1dmogbdr8738,5004595,株式会社日本トリム_No342055.pdf,株式会社日本トリム,
cmolaydku00321dmossp9gvbn,cmolavpzy002f1dmogbdr8738,5004595,株式会社ナガワ_No382026.pdf,株式会社ナガワ,
cmolax2zi002q1dmo39e011kd,cmolavpzy002f1dmogbdr8738,5004595,トラコム株式会社_No208273.pdf,トラコム株式会社,
cmolaza53003b1dmo5aivnweu,cmolavpzy002f1dmogbdr8738,5004595,株式会社宮木電機製作所_No312286.pdf,株式会社宮木電機製作所,
cmp3n3fgs00221dmv44ym5hve,cmolavpzy002f1dmogbdr8738,5004595,タツミ産業株式会社_No188194.pdf,タツミ産業株式会社,
cmp3mtvyt001t1dmvyye8yrz7,cmolavpzy002f1dmogbdr8738,5004595,求人票_株式会社ディーエムエージェンシー_20260513144014248.pdf,株式会社ディーエムエージェンシー,
cmoq9uulz00161dp1e9pnwn7x,cmomk3r5j001y1dlmvdd9vurv,5004419,求人票_日本カノマックス株式会社_20260504061508197.pdf,日本カノマックス株式会社,
cmoq9uxu800171dp1rmygmvxu,cmomk3r5j001y1dlmvdd9vurv,5004419,求人票_明治電機工業株式会社_20260504061509163.pdf,明治電機工業株式会社,
cmoq9v0lj00181dp1aa4gvnx2,cmomk3r5j001y1dlmvdd9vurv,5004419,求人票_メイワフォーシス株式会社_20260504061508588.pdf,メイワフォーシス株式会社,
cmoq9v6i4001a1dp1hddhb2yg,cmomk3r5j001y1dlmvdd9vurv,5004419,求人票_株式会社ギャレット_20260504061509474.pdf,株式会社ギャレット,
cmoq9sloo000x1dp1eghtx62z,cmomk3r5j001y1dlmvdd9vurv,5004419,大塚実業株式会社_No349874.pdf,大塚実業株式会社,
cmoq9rxby000p1dp1ejqsauzv,cmomk3r5j001y1dlmvdd9vurv,5004419,あづま食品株式会社：141762.pdf,あづま食品株式会社,
cmoq9sfjy000v1dp1wedittza,cmomk3r5j001y1dlmvdd9vurv,5004419,ノーブル株式会社_No356811.pdf,ノーブル株式会社,
cmoq9s0kd000q1dp17firfcm5,cmomk3r5j001y1dlmvdd9vurv,5004419,株式会社ヤマシタ：141163.pdf,株式会社ヤマシタ,
cmoq9ru3v000o1dp1i4r51we5,cmomk3r5j001y1dlmvdd9vurv,5004419,進和テック株式会社：141495.pdf,進和テック株式会社,
cmoq9uiq200121dp1adlbi55d,cmomk3r5j001y1dlmvdd9vurv,5004419,求人票_株式会社ぐるなび_20260504061509719.pdf,株式会社ぐるなび,
cmoq9ulqz00131dp1e74qff5i,cmomk3r5j001y1dlmvdd9vurv,5004419,求人票_株式会社トライ・エックス_20260504061508939.pdf,株式会社トライ・エックス,
cmoq9uopf00141dp15mudsqzs,cmomk3r5j001y1dlmvdd9vurv,5004419,求人票_株式会社ワイ・エス・エヌ_20260504061509884.pdf,株式会社ワイ・エス・エヌ,
cmoq9urqc00151dp1rx2faaz4,cmomk3r5j001y1dlmvdd9vurv,5004419,求人票_湯本電機株式会社_20260504061507885.pdf,湯本電機株式会社,
cmoragfsp001l1dmp2yojvw0a,cmobia7hq003v1dpfadigz2t3,5004272,マザーサンヤチヨ・オートモーティブシステムズ株式会社_No354579.pdf,マザーサンヤチヨ・オートモーティブシステムズ株式会社,
cmp0zr5zz00p21doswf48pxtn,cmmetidob00061dqn1bsg48bf,5004089,株式会社マイナビワークス_No134545.pdf,株式会社マイナビワークス,
cmp0zrfsh00pb1dosamqkxpm3,cmmetidob00061dqn1bsg48bf,5004089,アデコ株式会社_No322108.pdf,アデコ株式会社,
cmp2mr2cw00031dkdwp5naxl9,cmmetidob00061dqn1bsg48bf,5004089,求人票_和泉運輸株式会社_20260512215103423.pdf,和泉運輸株式会社,
cmp2mr5zp00041dkdhc0nzhuu,cmmetidob00061dqn1bsg48bf,5004089,求人票_荻野化成株式会社_20260512215103683.pdf,荻野化成株式会社,
cmp2mqvdr00011dkdtttituee,cmmetidob00061dqn1bsg48bf,5004089,求人票_株式会社ゼロナビ_20260512215104039.pdf,株式会社ゼロナビ,
cmp2mqyut00021dkdjhi8vbcy,cmmetidob00061dqn1bsg48bf,5004089,求人票_白鳥製薬株式会社_20260512215103568.pdf,白鳥製薬株式会社,
cmp2mr9a600051dkdcyu4sj2k,cmmetidob00061dqn1bsg48bf,5004089,求人票_株式会社ＩＸＭＩＬＥ_20260512215103864.pdf,株式会社ＩＸＭＩＬＥ,
cmp2mrcwe00061dkd0sw09leb,cmmetidob00061dqn1bsg48bf,5004089,求人票_株式会社アルティーリ_20260512215104171.pdf,株式会社アルティーリ,
cmp2mqrrp00001dkdyv5x2g12,cmmetidob00061dqn1bsg48bf,5004089,求人票_株式会社ケインズアイ_20260512215103221.pdf,株式会社ケインズアイ,
cmqrm3kcc00a91dmrc9y4l749,cmmetidob00061dqn1bsg48bf,5004089,株式会社マイナビワークス_No134545.pdf,株式会社マイナビワークス,
cmpe3f1ze00gl1dmkohadrz4d,cmp6pqz4x00dg1dqq7apmboo3,5007911,株式会社ビオネスト_No370884.pdf,株式会社ビオネスト,
cmpe3g3yz00gw1dmkk7qctw9k,cmp6pqz4x00dg1dqq7apmboo3,5007911,株式会社アーリア_No410040.pdf,株式会社アーリア,
cmqyspujr001m1dqixtr0f3ni,cmp6pqz4x00dg1dqq7apmboo3,5007911,求人票_株式会社日住サービス.pdf,株式会社日住サービス,
cmqyspui7001f1dqihkdpvj7t,cmp6pqz4x00dg1dqq7apmboo3,5007911,求人票_住電機器システム株式会社.pdf,住電機器システム株式会社,
cmq7xy1ic00721dqciyf5d0jo,cmp6pqz4x00dg1dqq7apmboo3,5007911,求人票_株式会社フェース_20260610194236669.pdf,株式会社フェース,
cmq7xxo20006y1dqc91qfe880,cmp6pqz4x00dg1dqq7apmboo3,5007911,求人票_株式会社ＭＪＥ_20260610194238494.pdf,株式会社ＭＪＥ,
cmq7xxyga00711dqcficyepb3,cmp6pqz4x00dg1dqq7apmboo3,5007911,求人票_株式会社シンエンス_20260610194237011.pdf,株式会社シンエンス,
cmq7xy4yt00731dqcrwablnj2,cmp6pqz4x00dg1dqq7apmboo3,5007911,求人票_株式会社不二興産_20260610194237599.pdf,株式会社不二興産,
cmq7xy8ck00741dqchuu023f2,cmp6pqz4x00dg1dqq7apmboo3,5007911,求人票_丸善薬品産業株式会社_20260610194236785.pdf,丸善薬品産業株式会社,
cmq7xyby000751dqcq1n5sbb0,cmp6pqz4x00dg1dqq7apmboo3,5007911,求人票_大阪避雷針工業株式会社_20260610194236894.pdf,大阪避雷針工業株式会社,
cmq7xyexz00761dqcy92v8yxp,cmp6pqz4x00dg1dqq7apmboo3,5007911,求人票_湯本電機株式会社_20260610194238224.pdf,湯本電機株式会社,
cmq7xysx4007a1dqc32mjvj5y,cmp6pqz4x00dg1dqq7apmboo3,5007911,求人票_ヒエン電工株式会社_20260610194238012.pdf,ヒエン電工株式会社,
cmqyspuhj001c1dqibvw3m336,cmp6pqz4x00dg1dqq7apmboo3,5007911,求人票_株式会社ニチコミ.pdf,株式会社ニチコミ,
cmqyspuhr001d1dqixqv93lpy,cmp6pqz4x00dg1dqq7apmboo3,5007911,求人票_株式会社ケービーエル.pdf,株式会社ケービーエル,
cmqyspuk6001o1dqiei1pfzka,cmp6pqz4x00dg1dqq7apmboo3,5007911,求人票_株式会社松田精機.pdf,株式会社松田精機,
cmqysursx001r1dqi8krra261,cmp6pqz4x00dg1dqq7apmboo3,5007911,求人票_カワイ電線株式会社.pdf,カワイ電線株式会社,
cmqysus0h001s1dqiwrp3mf7n,cmp6pqz4x00dg1dqq7apmboo3,5007911,求人票_トレノケート株式会社.pdf,トレノケート株式会社,
cmqysus83001t1dqiwvqda7c2,cmp6pqz4x00dg1dqq7apmboo3,5007911,求人票_株式会社ビティー.pdf,株式会社ビティー,
cmqysusuv001w1dqizo72vg0x,cmp6pqz4x00dg1dqq7apmboo3,5007911,求人票_ヒエン電工株式会社.pdf,ヒエン電工株式会社,
cmqysuthr001z1dqitjyhtwss,cmp6pqz4x00dg1dqq7apmboo3,5007911,求人票_宏和製作株式会社.pdf,宏和製作株式会社,
cmqysutpc00201dqi1htlb5zr,cmp6pqz4x00dg1dqq7apmboo3,5007911,求人票_大阪避雷針工業株式会社.pdf,大阪避雷針工業株式会社,
cmqysutwy00211dqi88ja3pcd,cmp6pqz4x00dg1dqq7apmboo3,5007911,求人票_ジオリーブグループ株式会社.pdf,ジオリーブグループ株式会社,
cmowfwhex000e1doxv7ntx2p9,cmour675h00271drrixerxars,5004995,求人票_株式会社フュディアルクリエーション_20260508135128082.pdf,株式会社フュディアルクリエーション,
cmowfwnwf000g1doxzkbmaci7,cmour675h00271drrixerxars,5004995,求人票_株式会社ベルテックス_20260508135126564.pdf,株式会社ベルテックス,
cmowfwtxv000i1doxoavsdzkv,cmour675h00271drrixerxars,5004995,求人票_株式会社学究社_20260508135124842.pdf,株式会社学究社,
cmowfx05v000k1doxk24edh5v,cmour675h00271drrixerxars,5004995,求人票_株式会社綜合キャリアオプション_20260508135127596.pdf,株式会社綜合キャリアオプション,
cmowfxdka000o1dox11hu70bn,cmour675h00271drrixerxars,5004995,求人票_野原グループ株式会社_20260508135124225.pdf,野原グループ株式会社,
cmowfxgh5000p1doxpyal8mka,cmour675h00271drrixerxars,5004995,求人票_ＺＥＴＡ株式会社_20260508135127471.pdf,ＺＥＴＡ株式会社,
cmowfxpmq000s1doxrs3v54xe,cmour675h00271drrixerxars,5004995,求人票_エバーリッジ株式会社_20260508135128610.pdf,エバーリッジ株式会社,
cmowfxvus000u1doxnuliypyx,cmour675h00271drrixerxars,5004995,求人票_ジェイオーコスメティックス株式会社_20260508135126403.pdf,ジェイオーコスメティックス株式会社,
cmowfy24i000w1doxdumc9ohi,cmour675h00271drrixerxars,5004995,求人票_ナクシス株式会社_20260508135125212.pdf,ナクシス株式会社,
cmp2wn3x7001s1dqk15e7lk1f,cmozkjwh000511dosa23nxc63,5004418,株式会社IDOM CaaS Technology_No400178.pdf,株式会社IDOM CaaS Technology,
cmp26bn4g010g1dosfhvkhpag,cmov81ua600071dqm13z85bgh,5005695,求人票_オリックス・ホテルマネジメント_20260512125832274.pdf,オリックス・ホテルマネジメント,
cmp26cmw3010q1doshyeuznj7,cmov81ua600071dqm13z85bgh,5005695,求人票_アイコニア・ホスピタリティ株式会社_20260512125831532.pdf,アイコニア・ホスピタリティ株式会社,
cmp26bqj0010h1dosggtyalyd,cmov81ua600071dqm13z85bgh,5005695,求人票_サンフロンティアホテルマネジメント株式会社_20260512125832636.pdf,サンフロンティアホテルマネジメント株式会社,
cmp26buon010i1dos09cn8hwa,cmov81ua600071dqm13z85bgh,5005695,求人票_ユーアンドアールホテルマネジメント株式会社_20260512125831110.pdf,ユーアンドアールホテルマネジメント株式会社,
cmp26c86n010m1dos811bahet,cmov81ua600071dqm13z85bgh,5005695,求人票_東急リゾーツ＆ステイ株式会社_20260512125832473.pdf,東急リゾーツ＆ステイ株式会社,
cmp26cc3i010n1dos57vu1b06,cmov81ua600071dqm13z85bgh,5005695,求人票_ABホテル株式会社_20260512125831755.pdf,ABホテル株式会社,
cmp26cizk010p1dosw2jjyim2,cmov81ua600071dqm13z85bgh,5005695,求人票_アイア株式会社_20260512125829843.pdf,アイア株式会社,
cmp27s6kh011a1dos799raltv,cmov81ua600071dqm13z85bgh,5005695,求人票_株式会社グランビスタ ホテル＆リゾート_20260512125830113.pdf,株式会社グランビスタ ホテル＆リゾート,
cmp27ugz4011e1dosa8lpx20l,cmov81ua600071dqm13z85bgh,5005695,求人票_UDS株式会社_20260512125830781.pdf,UDS株式会社,
cmp2v0gay000o1dqkazue22bz,cmoz5jba600131dos5kors0cl,5004469,デジタルガレージグループ_No431375.pdf,デジタルガレージグループ,
cmp2v0dgt000n1dqk2711szsq,cmoz5jba600131dos5kors0cl,5004469,Sansan株式会社_No299300.pdf,Sansan株式会社,
cmqg84goa00c41dqlcuhuw8a8,cmq7f0n6p002r1dtd9vmvt3z2,5008054,株式会社ナハト_No346803.pdf,株式会社ナハト,
cmq0k8l9g001r1dqyrzzxkwyg,cmplza6oh007w1dplfrpitwcj,5007970,株式会社モイネットシステム_No398834.pdf,株式会社モイネットシステム,
cmq0l0o0q00241dqyuhymk2gs,cmplza6oh007w1dplfrpitwcj,5007970,求人票_大和物流株式会社_20260605155138078.pdf,大和物流株式会社,
cmpwe2svj00b01dmuez1w2k4y,cmplza6oh007w1dplfrpitwcj,5007970,ジャパニアス株式会社_No452050.pdf,ジャパニアス株式会社,
cmpwe46c600bf1dmuarpw2f6e,cmplza6oh007w1dplfrpitwcj,5007970,株式会社テクノプロ　テクノプロ・IT社_No216633.pdf,株式会社テクノプロ　テクノプロ・IT社,
cmpwe3svn00bb1dmua3y36hdm,cmplza6oh007w1dplfrpitwcj,5007970,株式会社ジェイテック_No92565.pdf,株式会社ジェイテック,
cmpwe3g0600b71dmumyklue33,cmplza6oh007w1dplfrpitwcj,5007970,株式会社SALTO_No383577.pdf,株式会社SALTO,
cmpwe3cv600b61dmuwxu99lmq,cmplza6oh007w1dplfrpitwcj,5007970,株式会社PLAN-B_No330663.pdf,株式会社PLAN-B,
cmq0k85qj001n1dqyzbeuvw96,cmplza6oh007w1dplfrpitwcj,5007970,株式会社SALTO_No263082.pdf,株式会社SALTO,
cmqrl3lbc008s1dmr6j99gf96,cmplza6oh007w1dplfrpitwcj,5007970,求人票_株式会社シンエンス_20260624133834885.pdf,株式会社シンエンス,
cmqrl36mb008o1dmrcj1k7u24,cmplza6oh007w1dplfrpitwcj,5007970,求人票_応用技術株式会社_20260624133834502.pdf,応用技術株式会社,
cmqrl2zy3008m1dmr5u4zewxj,cmplza6oh007w1dplfrpitwcj,5007970,求人票_ＴＯＡ株式会社_20260624133834651.pdf,ＴＯＡ株式会社,
cmqrl33el008n1dmrdbpyvwtf,cmplza6oh007w1dplfrpitwcj,5007970,求人票_ジェイアール西日本コンサルタンツ株式会社_20260624133834038.pdf,ジェイアール西日本コンサルタンツ株式会社,
cmq0l0d5r00211dqyo5dr17gp,cmplza6oh007w1dplfrpitwcj,5007970,求人票_金井重要工業株式会社_20260605155137873.pdf,金井重要工業株式会社,
cmq0k89m4001o1dqy8eh3b66j,cmplza6oh007w1dplfrpitwcj,5007970,株式会社アーリア（きずなグループ）_No320031.pdf,株式会社アーリア（きずなグループ）,
cmpwe4ckr00bh1dmub7dft6rj,cmplza6oh007w1dplfrpitwcj,5007970,株式会社メイテックフィルダーズ_No144538.pdf,株式会社メイテックフィルダーズ,
cmpwe49db00bg1dmuh1vqd5s1,cmplza6oh007w1dplfrpitwcj,5007970,株式会社フジワーク_No128157.pdf,株式会社フジワーク,
cmpwe439700be1dmuktzthdhy,cmplza6oh007w1dplfrpitwcj,5007970,株式会社テクノクリエイティブ_No95406.pdf,株式会社テクノクリエイティブ,
cmpwe403z00bd1dmuyl9n28nx,cmplza6oh007w1dplfrpitwcj,5007970,株式会社テクノクリエイティブ_No95404.pdf,株式会社テクノクリエイティブ,
cmpwe3wvb00bc1dmuuaz7reyk,cmplza6oh007w1dplfrpitwcj,5007970,株式会社テクノクリエイティブ_No11019.pdf,株式会社テクノクリエイティブ,
cmpwe3mlo00b91dmuwtzqzrb9,cmplza6oh007w1dplfrpitwcj,5007970,株式会社エムコスミック_No237335.pdf,株式会社エムコスミック,
cmpwe39fq00b51dmuzgalrkbq,cmplza6oh007w1dplfrpitwcj,5007970,株式会社GSI_No85643.pdf,株式会社GSI,
cmq7uer3a000n1dqcxphcx975,cmpyoyxwt00021dmjads4ukgy,5008026,求人票_株式会社ＭＭコーポレーション_20260610164148603.pdf,株式会社ＭＭコーポレーション,
cmq7ufmex000z1dqc1qu8ouln,cmpyoyxwt00021dmjads4ukgy,5008026,求人票_アサダ株式会社_20260610164150813.pdf,アサダ株式会社,
cmq7ufws400121dqc3oog9hdt,cmpyoyxwt00021dmjads4ukgy,5008026,求人票_キリヤ化学株式会社_20260610164151921.pdf,キリヤ化学株式会社,
cmq7ufboc000u1dqcqfd1eymg,cmpyoyxwt00021dmjads4ukgy,5008026,求人票_板橋工業株式会社_20260610164150617.pdf,板橋工業株式会社,
cmq7ufq4k00101dqcvhlhw1q9,cmpyoyxwt00021dmjads4ukgy,5008026,求人票_エス・イー・シーエレベーター株式会社_20260610164152176.pdf,エス・イー・シーエレベーター株式会社,
cmq7ug0fe00131dqcof4s7r8p,cmpyoyxwt00021dmjads4ukgy,5008026,求人票_トクエ株式会社_20260610164148818.pdf,トクエ株式会社,
cmq7uen5w000m1dqcesosbg79,cmpyoyxwt00021dmjads4ukgy,5008026,求人票_ニック株式会社_20260610164149027.pdf,ニック株式会社,
cmpd6nfrw000r1dmkvxf8bgwc,cmmoi0ypd00041dukxj973xuc,5004163,サーブコープジャパン株式会社_No249155.pdf,サーブコープジャパン株式会社,
cmpfk6j0y00fd1dnvc7ap4kvj,cmpau8pt700ch1dphz6l00pqu,5007919,求人票_セントランス株式会社_20260521225757011.pdf,セントランス株式会社,
cmpfk6ccq00fb1dnvlc2qg1xz,cmpau8pt700ch1dphz6l00pqu,5007919,求人票_トーテックアメニティ株式会社_20260521225757295.pdf,トーテックアメニティ株式会社,
cmpe2fqel00fj1dmkqw8t5lrf,cmn7bm6w600001dmlo816r47q,5004237,SOMPOひまわり生命保険株式会社_No442675.pdf,SOMPOひまわり生命保険株式会社,
cmpwkk9fk00ix1dmukp8an43h,cmpujhvau00nf1do552g7cw8y,5008008,求人票_楽天グループ株式会社_20260602204101423.pdf,楽天グループ株式会社,
cmpwkm2ly00jn1dmuxqoc03ml,cmpujhvau00nf1do552g7cw8y,5008008,求人票_関西ビジネスインフォメーション株式会社_20260602204101891.pdf,関西ビジネスインフォメーション株式会社,
cmpwkm8xp00jp1dmuir3qvzbj,cmpujhvau00nf1do552g7cw8y,5008008,求人票_ANYCOLOR株式会社_20260602204102112.pdf,ANYCOLOR株式会社,
cmpxqkj3l00te1dmub5a6mvr1,cmpujhvau00nf1do552g7cw8y,5008008,求人票_株式会社クリエイティブバンク_20260603161756909.pdf,株式会社クリエイティブバンク,
cmpwkk66500iw1dmu4wmjnqge,cmpujhvau00nf1do552g7cw8y,5008008,求人票_楽天グループ株式会社_20260602204101317.pdf,楽天グループ株式会社,
cmpwkkx7600j81dmue3ssg0es,cmpujhvau00nf1do552g7cw8y,5008008,求人票_株式会社Ｐｌｏｔｔ_20260602204103475.pdf,株式会社Ｐｌｏｔｔ,
cmpwkl30e00ja1dmurm7heh03,cmpujhvau00nf1do552g7cw8y,5008008,求人票_株式会社エクスクリエ_20260602204103855.pdf,株式会社エクスクリエ,
cmpwkl8ps00jc1dmu8yojjezo,cmpujhvau00nf1do552g7cw8y,5008008,求人票_株式会社サイバーエージェント_20260602204103310.pdf,株式会社サイバーエージェント,
cmq7vfw04004j1dqc4icuq1qv,cmpujhvau00nf1do552g7cw8y,5008008,求人票_楽天ペイメント株式会社_20260610183136228.pdf,楽天ペイメント株式会社,
cmq7vfze7004k1dqcl08sfn77,cmpujhvau00nf1do552g7cw8y,5008008,求人票_楽天ペイメント株式会社_20260610183137409.pdf,楽天ペイメント株式会社,
cmq7vfskc004i1dqcma2jdr69,cmpujhvau00nf1do552g7cw8y,5008008,求人票_テクバン株式会社_20260610183137641.pdf,テクバン株式会社,
cmqi418n4007d1dpat9816zuo,cmpujhvau00nf1do552g7cw8y,5008008,株式会社ワークス・ジャパン_No427704.pdf,株式会社ワークス・ジャパン,
cmqi400l000701dpaakqedugx,cmpujhvau00nf1do552g7cw8y,5008008,株式会社GROOVE_No219947.pdf,株式会社GROOVE,
cmqi40ks400761dpafpcumo46,cmpujhvau00nf1do552g7cw8y,5008008,株式会社カカクコム_No308444.pdf,株式会社カカクコム,
cmqi809f600961dpa0bf91g44,cmpujhvau00nf1do552g7cw8y,5008008,求人票_株式会社CyberZ_20260618002216413.pdf,株式会社CyberZ,
cmqi80gws00981dpa37bbena3,cmpujhvau00nf1do552g7cw8y,5008008,求人票_株式会社Ｔａｉｌｏｒ　Ａｐｐ_20260618002216696.pdf,株式会社Ｔａｉｌｏｒ　Ａｐｐ,
cmqi80nlv009a1dpady65p0or,cmpujhvau00nf1do552g7cw8y,5008008,求人票_株式会社アドインテ_20260618002215931.pdf,株式会社アドインテ,
cmqi80r6a009b1dpamm6ddz72,cmpujhvau00nf1do552g7cw8y,5008008,求人票_株式会社エクスクリエ_20260618002217664.pdf,株式会社エクスクリエ,
cmqi80ydw009d1dpa6slntn8c,cmpujhvau00nf1do552g7cw8y,5008008,求人票_株式会社クウゼン_20260618002216253.pdf,株式会社クウゼン,
cmqi815qg009f1dpauyf1gusi,cmpujhvau00nf1do552g7cw8y,5008008,求人票_株式会社ミツエーリンクス_20260618002216867.pdf,株式会社ミツエーリンクス,
cmqi819cp009g1dpa90vykxhm,cmpujhvau00nf1do552g7cw8y,5008008,求人票_株式会社ワンスター_20260618002217458.pdf,株式会社ワンスター,
cmqi81c8w009h1dpaykbx0ng9,cmpujhvau00nf1do552g7cw8y,5008008,求人票_GMOトライハッチ株式会社_20260618002217316.pdf,GMOトライハッチ株式会社,
cmpxp107k00s21dmu4pytdaou,cmpuwcx7700po1do5oppi0x0n,5008011,株式会社ネクサスエージェント_No416519.pdf,株式会社ネクサスエージェント,
cmpxp251r00sl1dmumroew4x4,cmpuwcx7700po1do5oppi0x0n,5008011,ポーターズ株式会社_No451088.pdf,ポーターズ株式会社,
cmpqc22oc00kx1duow38uhumk,cmmsigcq800081dmf5q9hkxe7,5004138,株式会社BuySell　Technologies_No405949.pdf,株式会社BuySell　Technologies,
cmpqchvch00lh1duoqfh4vawz,cmpl8242q000n1dpl4nl6n4iz,5007966,株式会社バイオフィリア_No445720.pdf,株式会社バイオフィリア,
cmqg8444600bz1dqli6xan1zt,cmn5f50lb000e1dqsk7ml9rr6,5004165,求人票_株式会社パロマ_20260616144849715.pdf,株式会社パロマ,
cmqk132pk003k1dqmnsvrtryh,cmqgemrpg00hs1dqlffi4j60g,5008086,求人票_軽急便株式会社_20260619064127581.pdf,軽急便株式会社,
cmqk12llx003f1dqm6npwmq5v,cmqgemrpg00hs1dqlffi4j60g,5008086,求人票_株式会社学究社_20260619064123727.pdf,株式会社学究社,
cmqk11xhz00371dqmq0ergk9h,cmqgemrpg00hs1dqlffi4j60g,5008086,求人票_株式会社パーキングマーケット_20260619064126030.pdf,株式会社パーキングマーケット,
cmqk10sbr002u1dqmcgerxsly,cmqgemrpg00hs1dqlffi4j60g,5008086,求人票_ソーシャルインクルー株式会社_20260619064124823.pdf,ソーシャルインクルー株式会社,
cmqk11fmf00311dqmvxkxj3s4,cmqgemrpg00hs1dqlffi4j60g,5008086,求人票_株式会社PrivateBANK_20260619064125579.pdf,株式会社PrivateBANK,
cmqk120fn00381dqm2gufamka,cmqgemrpg00hs1dqlffi4j60g,5008086,求人票_株式会社ビートレーディング_20260619064125332.pdf,株式会社ビートレーディング,
cmqk129cx003b1dqmxoc5iwsm,cmqgemrpg00hs1dqlffi4j60g,5008086,求人票_株式会社ベルテックス_20260619064125796.pdf,株式会社ベルテックス,
cmqk12cfa003c1dqmz3nvr9o4,cmqgemrpg00hs1dqlffi4j60g,5008086,求人票_株式会社メルディア_20260619064123246.pdf,株式会社メルディア,
cmqk12g01003d1dqmc9df2s59,cmqgemrpg00hs1dqlffi4j60g,5008086,求人票_株式会社モストカンパニー_20260619064126350.pdf,株式会社モストカンパニー,
cmqk12iwb003e1dqm14uefje8,cmqgemrpg00hs1dqlffi4j60g,5008086,求人票_株式会社リアライズコーポレーション_20260619064127128.pdf,株式会社リアライズコーポレーション,
cmqk13cik003n1dqmlpo69req,cmqgemrpg00hs1dqlffi4j60g,5008086,求人票_税理士法人山田アンドパートナーズ_20260619064123370.pdf,税理士法人山田アンドパートナーズ,
cmqk10w08002v1dqmbjnkvlfz,cmqgemrpg00hs1dqlffi4j60g,5008086,求人票_マークスライフ株式会社_20260619064124363.pdf,マークスライフ株式会社,
cmqk113eb002x1dqmyb0oqk9i,cmqgemrpg00hs1dqlffi4j60g,5008086,求人票_株式会社Ｃｏｐｉａ_20260619064123919.pdf,株式会社Ｃｏｐｉａ,
cmqk11cj700301dqmbpgw82tx,cmqgemrpg00hs1dqlffi4j60g,5008086,求人票_株式会社Ｇｒａｎｄ　Ｃｅｎｔｒａｌ_20260619064126804.pdf,株式会社Ｇｒａｎｄ　Ｃｅｎｔｒａｌ,
cmqk11imo00321dqmw00m2b5r,cmqgemrpg00hs1dqlffi4j60g,5008086,求人票_株式会社アクア_20260619064125470.pdf,株式会社アクア,
cmqk11ljs00331dqmx9k5b9vd,cmqgemrpg00hs1dqlffi4j60g,5008086,求人票_株式会社オープンハウスグループ_20260619064123596.pdf,株式会社オープンハウスグループ,
cmqk1392o003m1dqmz2kiv89m,cmqgemrpg00hs1dqlffi4j60g,5008086,求人票_合同会社DMM.com_20260619064122434.pdf,合同会社DMM.com,
cmqk13fxn003o1dqmgmh3w0of,cmqgemrpg00hs1dqlffi4j60g,5008086,求人票_東京サラヤ株式会社_20260619064126213.pdf,東京サラヤ株式会社,
cmqk13pmn003s1dqmg4wqssbs,cmqgemrpg00hs1dqlffi4j60g,5008086,求人票_ＥＰプロキャリア株式会社_20260619064124145.pdf,ＥＰプロキャリア株式会社,
cmqk13zj4003v1dqmpctrv8no,cmqgemrpg00hs1dqlffi4j60g,5008086,求人票_アルティウスリンク株式会社_20260619064123473.pdf,アルティウスリンク株式会社,
cmqk142jd003w1dqm0cv2b3a0,cmqgemrpg00hs1dqlffi4j60g,5008086,求人票_オーガニックグループ株式会社_20260619064126675.pdf,オーガニックグループ株式会社,
cmqk12sd1003h1dqm71y7r6u4,cmqgemrpg00hs1dqlffi4j60g,5008086,求人票_株式会社九州ハイテック_20260619064127253.pdf,株式会社九州ハイテック,
cmr19rgwc003f1dr3i8x8i28u,cmqvxv0u1004m1dt9uhbnkhwu,5008136,求人票_合同会社デロイト トーマツ.pdf,合同会社デロイト トーマツ,
cmr19sce1003p1dr3qa78hjdo,cmqvxv0u1004m1dt9uhbnkhwu,5008136,求人票_トーセイ株式会社.pdf,トーセイ株式会社,
cmr19slgf003r1dr3gtj7478g,cmqvxv0u1004m1dt9uhbnkhwu,5008136,求人票_株式会社オープンハウス.pdf,株式会社オープンハウス,
cmr19r1mh003b1dr30rkvqjao,cmqvxv0u1004m1dt9uhbnkhwu,5008136,求人票_株式会社フージャースホールディングス.pdf,株式会社フージャースホールディングス,
cmr19rq3j003h1dr3h9g2w444,cmqvxv0u1004m1dt9uhbnkhwu,5008136,求人票_住友不動産株式会社.pdf,住友不動産株式会社,
cmr19r6a5003c1dr33h9rgpy2,cmqvxv0u1004m1dt9uhbnkhwu,5008136,求人票_株式会社フジタ.pdf,株式会社フジタ,
cmr19rlir003g1dr3sc90v6c9,cmqvxv0u1004m1dt9uhbnkhwu,5008136,求人票_三井住友信託銀行株式会社.pdf,三井住友信託銀行株式会社,
cmr19ruay003i1dr37py1gk51,cmqvxv0u1004m1dt9uhbnkhwu,5008136,求人票_大和財託株式会社.pdf,大和財託株式会社,
cmr19rytu003k1dr3xltu22p8,cmqvxv0u1004m1dt9uhbnkhwu,5008136,求人票_東急リゾーツ&ステイ株式会社.pdf,東急リゾーツ&ステイ株式会社,
cmr19sgvv003q1dr33h6lgo4t,cmqvxv0u1004m1dt9uhbnkhwu,5008136,求人票_パナソニックホームズ不動産株式会社.pdf,パナソニックホームズ不動産株式会社,
cmqyxu069003a1dp9l5pzuox6,cmqsmra3300001dmxfa8fukjo,5008119,求人票_株式会社オープンハウスグループ_20260629170541933.pdf,株式会社オープンハウスグループ,
cmqyxu86h003c1dp9fe75d7l2,cmqsmra3300001dmxfa8fukjo,5008119,求人票_株式会社日本教育協会_20260629170542781.pdf,株式会社日本教育協会,
cmqyxub91003d1dp9nzfvaj5p,cmqsmra3300001dmxfa8fukjo,5008119,求人票_駿台教育センター株式会社_20260629170542399.pdf,駿台教育センター株式会社,
cmqro6prr00ce1dmr6g3cdif9,cmqos2v4g00bf1dntdh0rmma3,5008108,求人票_武州製薬株式会社_20260624150331956.pdf,武州製薬株式会社,
