id,candidate_id,candidate_number,file_name,portal_norm
cmn7ezqs1000w1dml7h22b3wk,cmn5oqs6w000l1dnyst204o05,5004218,求人票_株式会社スタートライン_20260326204652440.pdf,株式会社スタートライン
cmpfd918b00d51dnvvawokx9f,cmlqp43ee02dyss4fsaijk4o3,5003186,求人票_株式会社イートアンドフーズ_20260521194525394.pdf,株式会社イートアンドフーズ
cmpltwvi7003v1dmkhuptuos9,cmlqp43ee02dyss4fsaijk4o3,5003186,求人票_株式会社クロコ_20260526081844531.pdf,株式会社クロコ
cmpfdaauj00dj1dnvd0xnbfvs,cmlqp43ee02dyss4fsaijk4o3,5003186,求人票_ナクシス株式会社_20260521194526843.pdf,ナクシス株式会社
cmqgtbqbp001a1dqvqjodin0a,cmlqp43ee02dyss4fsaijk4o3,5003186,求人票_ナクシス株式会社_20260617004237012.pdf,ナクシス株式会社
cmqgtay2u00131dqvnsmzagjr,cmlqp43ee02dyss4fsaijk4o3,5003186,求人票_株式会社テラオカ_20260617004237433.pdf,株式会社テラオカ
cmr1myu22004a1dn69yfsp2nr,cmlqp43ee02dyss4fsaijk4o3,5003186,求人票_株式会社ヒラタ.pdf,株式会社ヒラタ
cmr1mydi500471dn6jg493ql9,cmlqp43ee02dyss4fsaijk4o3,5003186,求人票_中央化学株式会社.pdf,中央化学株式会社
cmqsln1nu00271dqilfvb8xg7,cmlqp43ee02dyss4fsaijk4o3,5003186,求人票_株式会社京樽_20260625064039995.pdf,株式会社京樽
cmqslmiee00201dqi2lixfs02,cmlqp43ee02dyss4fsaijk4o3,5003186,求人票_株式会社イートアンドフーズ_20260625064041217.pdf,株式会社イートアンドフーズ
cmqslmo5300221dqic8ubitex,cmlqp43ee02dyss4fsaijk4o3,5003186,求人票_株式会社クロコ_20260625064039426.pdf,株式会社クロコ
cmqslmz0600261dqiixn6szh8,cmlqp43ee02dyss4fsaijk4o3,5003186,求人票_株式会社ヒラタ_20260625064040194.pdf,株式会社ヒラタ
cmplupn1l004n1dmk3smc1asc,cmnyah8sc00911do9lsxpgo1t,5004338,株式会社SARUCREW_No406119.pdf,株式会社SARUCREW
cmo2q61g900041dqbj8m7wawd,cmnyah8sc00911do9lsxpgo1t,5004338,株式会社SARUCREW_No406119.pdf,株式会社SARUCREW
cmo2q67rb00061dqbr0th931t,cmnyah8sc00911do9lsxpgo1t,5004338,株式会社フォリネス_No256560.pdf,株式会社フォリネス
cmowp45rf005c1dqz6rdr75ld,cmnyah8sc00911do9lsxpgo1t,5004338,株式会社コズレ_No381089.pdf,株式会社コズレ
cmowp4h58005f1dqzeu5auy0o,cmnyah8sc00911do9lsxpgo1t,5004338,株式会社みらいきれい_No4445.pdf,株式会社みらいきれい
cmpluq0g0004r1dmk3x35jzdf,cmnyah8sc00911do9lsxpgo1t,5004338,株式会社フォリネス_No313904.pdf,株式会社フォリネス
cmo4sj1m3000l1dt20ghnp2d2,cmnfvise700081dml1b4fw1qt,5004282,求人票_株式会社スクロール_20260414113122143.pdf,株式会社スクロール
cmo2wgtil000u1dp8cwcf6qj5,cmnfvise700081dml1b4fw1qt,5004282,求人票_株式会社マジカルポケット_20260414111454468.pdf,株式会社マジカルポケット
cmo2wha3b000z1dp82w6tb67m,cmnfvise700081dml1b4fw1qt,5004282,求人票_株式会社Works Human Intelligence_20260414111453641.pdf,株式会社Works Human Intelligence
cmo2wh34c000x1dp83077hhml,cmnfvise700081dml1b4fw1qt,5004282,求人票_河村電器産業株式会社_20260408084306477.pdf,河村電器産業株式会社
cmo2wgwtg000v1dp8f1zexb76,cmnfvise700081dml1b4fw1qt,5004282,求人票_株式会社メイテックフィルダーズ_20260408085854406.pdf,株式会社メイテックフィルダーズ
cmoh1e1dz007b1dnvc4ajsutg,cmmx0wbnj00061dmio6pk3211,5004187,株式会社はなまる_No342732.pdf,株式会社はなまる
cmo70tz2h002h1dpimlsvgs99,cmmx0wbnj00061dmio6pk3211,5004187,キャリアリンク株式会社_No114560.pdf,キャリアリンク株式会社
cmo70y8wu002r1dpiykyn5tf0,cmmx0wbnj00061dmio6pk3211,5004187,株式会社リプライオリティ_No399997.pdf,株式会社リプライオリティ
cmo70xyiu002o1dpime7cv6qo,cmmx0wbnj00061dmio6pk3211,5004187,株式会社はなまる_No169690.pdf,株式会社はなまる
cmpat82tc00au1dphzd2inr5x,cmmx0wbnj00061dmio6pk3211,5004187,株式会社リプライオリティ_No399997.pdf,株式会社リプライオリティ
cmpat7ytv00at1dphr0awplab,cmmx0wbnj00061dmio6pk3211,5004187,株式会社はなまる_No169690.pdf,株式会社はなまる
cmpat7av500am1dphbgoeubwm,cmmx0wbnj00061dmio6pk3211,5004187,キャリアリンク株式会社_No114560.pdf,キャリアリンク株式会社
cmp64jzyi000j1dqm8b2ch8dm,cmp0xsqz200131dmr6j3pj44m,5007295,求人票_株式会社ＢＲＥＸＡ　Ｃｏｍｍｕｎｉｃａｔｉｏｎｓ_20260515083152521.pdf,株式会社ＢＲＥＸＡ　Ｃｏｍｍｕｎｉｃａｔｉｏｎｓ
cmp64jws2000i1dqmrs4lloax,cmp0xsqz200131dmr6j3pj44m,5007295,求人票_株式会社ＢＲＥＸＡ　Ｃｏｍｍｕｎｉｃａｔｉｏｎｓ_20260515083152397.pdf,株式会社ＢＲＥＸＡ　Ｃｏｍｍｕｎｉｃａｔｉｏｎｓ
cmnhd9qau000v1drxb5mvt9ub,cmnfyskp5000q1dml0g37fehf,5004239,金二商事株式会社_No219375.pdf,金二商事株式会社
cmpf6mbfg007k1dnv1piu5t7h,cmnfyskp5000q1dml0g37fehf,5004239,金二商事株式会社_No219375.pdf,金二商事株式会社
cmp6v0ko0001m1dmox8nxuqg8,cmp6gpegs00021do5iecvbw64,5007904,求人票_フジモリ産業株式会社_20260515205310152.pdf,フジモリ産業株式会社
cmp6tx2u500161dmozu4lpvzu,cmp6gpegs00021do5iecvbw64,5007904,求人票_ビズキューブ・コンサルティング株式会社_20260515202131107.pdf,ビズキューブ・コンサルティング株式会社
cmok2sf3p000e1do8mgrc00s8,cmoh75xhi008h1dnv2yvagi4e,5004357,求人票_東日本明星株式会社_20260429221141576.pdf,東日本明星株式会社
cmp9am67h002d1dphnqvj2brv,cmoh75xhi008h1dnv2yvagi4e,5004357,求人票_東日本明星株式会社_20260517134321595.pdf,東日本明星株式会社
cmozg0vkz00411dos3umkvx4u,cmovcj1g5000x1dmiq43npq2l,5004454,株式会社クルイト_No285318.pdf,株式会社クルイト
cmozngww2005q1dosyo9vzked,cmmu0yw4200241dmqjnc6jmoq,5004136,大和財託株式会社_No285228.pdf,大和財託株式会社
cmqvsiaax000v1dt9jlb73iqb,cmpkvhwq700301dqtg001i6e7,5007959,株式会社サムシングファン_No285026.pdf,株式会社サムシングファン
cmpwgum7l00ep1dmub0mcp0rf,cmpkvhwq700301dqtg001i6e7,5007959,求人票_デジタルデータソリューション株式会社_20260602185644423.pdf,デジタルデータソリューション株式会社
cmpwgfawu00ea1dmuq7hkazd2,cmpkvhwq700301dqtg001i6e7,5007959,株式会社KITEN_No370201.pdf,株式会社KITEN
cmpwgu97v00el1dmu6fv6dkuf,cmpkvhwq700301dqtg001i6e7,5007959,求人票_株式会社FEEL CONNECTION_20260602185645004.pdf,株式会社FEEL CONNECTION
cmpwgucjn00em1dmui60wmlsu,cmpkvhwq700301dqtg001i6e7,5007959,求人票_株式会社I-House_20260602185644888.pdf,株式会社I-House
cmpwgufrn00en1dmuvx9oouh3,cmpkvhwq700301dqtg001i6e7,5007959,求人票_株式会社アンティル_20260602185644674.pdf,株式会社アンティル
cmpwguj0r00eo1dmuo5px14yp,cmpkvhwq700301dqtg001i6e7,5007959,求人票_ｄｏｔＧＢＳ株式会社_20260602185644513.pdf,ｄｏｔＧＢＳ株式会社
cmr4b0ooa003s1dphowrk2yfj,cmpkvhwq700301dqtg001i6e7,5007959,株式会社KITEN_No322365.pdf,株式会社KITEN
cmqvsii97000x1dt9rhxv13iq,cmpkvhwq700301dqtg001i6e7,5007959,CTW株式会社_No378261.pdf,CTW株式会社
cmobcvsoo001t1dpffkkz3d9b,cmobakzdu000l1dpfwvyf864v,5004495,大和財託株式会社_No400591.pdf,大和財託株式会社
cmobcvo7s001s1dpf968dfc7f,cmobakzdu000l1dpfwvyf864v,5004495,大和財託株式会社_No348076.pdf,大和財託株式会社
cmozczd7500261dosifhfp03q,cmobakzdu000l1dpfwvyf864v,5004495,大和財託株式会社_No405821.pdf,大和財託株式会社
cmo9wc2ho00701dqpsbi6n05z,cmo89vly0000t1dn3xsk4w82i,5004377,求人票_株式会社東陽テクニカ_20260422191325990.pdf,株式会社東陽テクニカ
cmo9wc6er00711dqpf0biw59t,cmo89vly0000t1dn3xsk4w82i,5004377,求人票_都築電気株式会社_20260422191322994.pdf,都築電気株式会社
cmoq9sclg000u1dp1dtl8udaj,cmomk3r5j001y1dlmvdd9vurv,5004419,トラコム株式会社_No28760.pdf,トラコム株式会社
cmoq9sinb000w1dp1qndrd2jw,cmomk3r5j001y1dlmvdd9vurv,5004419,株式会社いえらぶGROUP_No238693.pdf,株式会社いえらぶGROUP
cmpgf99ki00no1dnv8kx3royn,cmomk3r5j001y1dlmvdd9vurv,5004419,求人票_トラコム株式会社_20260522132810561.pdf,トラコム株式会社
cmpgf8r1g00ni1dnv2ukyv1r8,cmomk3r5j001y1dlmvdd9vurv,5004419,株式会社いえらぶGROUP_No238693.pdf,株式会社いえらぶGROUP
cmq0f9muj000r1dmhlj6ue2zk,cmomk3r5j001y1dlmvdd9vurv,5004419,株式会社いえらぶGROUP_No8446.pdf,株式会社いえらぶGROUP
cmorago4x001n1dmpyxjjgam8,cmobia7hq003v1dpfadigz2t3,5004272,マブチモーター株式会社_No17800.pdf,マブチモーター株式会社
cmoragvnt001p1dmp27k4nbuc,cmobia7hq003v1dpfadigz2t3,5004272,マブチモーター株式会社_No290657.pdf,マブチモーター株式会社
cmp0zrcql00p41doshd3qh5ne,cmmetidob00061dqn1bsg48bf,5004089,求人票_株式会社 スタッフサービス_20260511181842004.pdf,株式会社 スタッフサービス
cmp0zr9a500p31dost0y9kf61,cmmetidob00061dqn1bsg48bf,5004089,求人票_パーソルテンプスタッフ株式会社_20260511181842209.pdf,パーソルテンプスタッフ株式会社
cmqrm30k200a51dmrms5mcqjb,cmmetidob00061dqn1bsg48bf,5004089,求人票_株式会社 スタッフサービス_20260624140405093.pdf,株式会社 スタッフサービス
cmqrm3adx00a81dmr20vt9en6,cmmetidob00061dqn1bsg48bf,5004089,求人票_パーソルテンプスタッフ株式会社_20260624140405433.pdf,パーソルテンプスタッフ株式会社
cmpe3fcpv00go1dmk2ytkaiua,cmp6pqz4x00dg1dqq7apmboo3,5007911,求人票_クイック・ネットワーク株式会社_20260520222332303.pdf,クイック・ネットワーク株式会社
cmq7xylx700781dqcmn53jr4v,cmp6pqz4x00dg1dqq7apmboo3,5007911,求人票_クイック・ネットワーク株式会社_20260610194238586.pdf,クイック・ネットワーク株式会社
cmqyspuhy001e1dqiw8s3jcnp,cmp6pqz4x00dg1dqq7apmboo3,5007911,求人票_クイック・ネットワーク株式会社.pdf,クイック・ネットワーク株式会社
cmozf0ndu003l1dos7cg4b3zk,cmoleogr900131dlaof6zamby,5004428,株式会社Donuts_No400393.pdf,株式会社Donuts
cmp19z7m100rj1dosl6m78bg4,cmozik274004j1dosmgp2nl2j,5004434,東洋工業株式会社_No348834.pdf,東洋工業株式会社
cmp19p9ls00r41dosrrulae7d,cmozik274004j1dosmgp2nl2j,5004434,求人票_株式会社昭栄美術_20260511224909527.pdf,株式会社昭栄美術
cmp19yr3c00re1dosq4wm48pq,cmozik274004j1dosmgp2nl2j,5004434,株式会社エコリング_No385123.pdf,株式会社エコリング
cmp19pncb00r81dosejw9bvmu,cmozik274004j1dosmgp2nl2j,5004434,求人票_ＪＰ楽天ロジスティクス株式会社_20260511224909849.pdf,ＪＰ楽天ロジスティクス株式会社
cmp19pjvi00r71dosrih616rw,cmozik274004j1dosmgp2nl2j,5004434,求人票_ＪＰ楽天ロジスティクス株式会社_20260511224909086.pdf,ＪＰ楽天ロジスティクス株式会社
cmp2uzt0w000h1dqkx30n5dvp,cmoz5jba600131dos5kors0cl,5004469,株式会社ワークス・ジャパン_No406479.pdf,株式会社ワークス・ジャパン
cmp2uzpwt000g1dqkhwa0ajzz,cmoz5jba600131dos5kors0cl,5004469,株式会社ワークス・ジャパン_No339659.pdf,株式会社ワークス・ジャパン
cmp2v07dc000l1dqkdxnbme8a,cmoz5jba600131dos5kors0cl,5004469,Links Group株式会社_No40520.pdf,Links Group株式会社
cmp2v0mkd000q1dqkveq0k9rw,cmoz5jba600131dos5kors0cl,5004469,レバレジーズ株式会社_No433195.pdf,レバレジーズ株式会社
cmp2v0jkt000p1dqkcokwwwmq,cmoz5jba600131dos5kors0cl,5004469,レバレジーズ株式会社_No214034.pdf,レバレジーズ株式会社
cmp2v0aib000m1dqkp9h5apu3,cmoz5jba600131dos5kors0cl,5004469,Links Group株式会社_No190500.pdf,Links Group株式会社
cmp2v049t000k1dqkirucobw2,cmoz5jba600131dos5kors0cl,5004469,Links Group株式会社_No28977.pdf,Links Group株式会社
cmq7uf8g4000s1dqcjzc64ap3,cmpyoyxwt00021dmjads4ukgy,5008026,求人票_松井鋼材株式会社_20260610164150041.pdf,松井鋼材株式会社
cmq7ueu8z000o1dqceqp2j96y,cmpyoyxwt00021dmjads4ukgy,5008026,求人票_株式会社キクスズ_20260610164151522.pdf,株式会社キクスズ
cmq7uexxy000p1dqczyitduqz,cmpyoyxwt00021dmjads4ukgy,5008026,求人票_株式会社トライ・エックス_20260610164151744.pdf,株式会社トライ・エックス
cmqrjdard007f1dmr27hdph3t,cmpyoyxwt00021dmjads4ukgy,5008026,求人票_株式会社キクスズ_20260624124930108.pdf,株式会社キクスズ
cmqrjdsh9007k1dmrje1o8wyt,cmpyoyxwt00021dmjads4ukgy,5008026,求人票_株式会社トライ・エックス_20260624124930384.pdf,株式会社トライ・エックス
cmqrje6lz007o1dmrcx1yapu3,cmpyoyxwt00021dmjads4ukgy,5008026,求人票_松井鋼材株式会社_20260624124929841.pdf,松井鋼材株式会社
cmpd5gzey002g1dp2f4hsn593,cmmoi0ypd00041dukxj973xuc,5004163,求人票_株式会社アイエスエイ_20260520062823884.pdf,株式会社アイエスエイ
cmpd5g21a00261dp22ix1jby7,cmmoi0ypd00041dukxj973xuc,5004163,求人票_ライフイズテック株式会社_20260520062824383.pdf,ライフイズテック株式会社
cmpd5g5na00271dp2dmw0bgwg,cmmoi0ypd00041dukxj973xuc,5004163,求人票_リネットジャパングループ株式会社_20260520062825233.pdf,リネットジャパングループ株式会社
cmpd5gj12002b1dp2tivnlagc,cmmoi0ypd00041dukxj973xuc,5004163,求人票_株式会社EDUCOM_20260520062825527.pdf,株式会社EDUCOM
cmpd6nc4l000q1dmk7gutvgnh,cmmoi0ypd00041dukxj973xuc,5004163,株式会社専門教育出版_No398563.pdf,株式会社専門教育出版
cmpd5hs6e002p1dp2pgb8loxz,cmmoi0ypd00041dukxj973xuc,5004163,求人票_Ａｐｅｘ株式会社_20260520062827142.pdf,Ａｐｅｘ株式会社
cmpd5hvwk002q1dp2su8kflf0,cmmoi0ypd00041dukxj973xuc,5004163,求人票_Ａｐｅｘ株式会社_20260520062827477.pdf,Ａｐｅｘ株式会社
cmpd5ih2r002x1dp2g1fdhiu4,cmmoi0ypd00041dukxj973xuc,5004163,求人票_キャリアリンク株式会社_20260520062825845.pdf,キャリアリンク株式会社
cmpd5in42002z1dp2olx2ku9o,cmmoi0ypd00041dukxj973xuc,5004163,求人票_マークラインズ株式会社_20260520062825098.pdf,マークラインズ株式会社
cmpnz5atd00071dnolothdgk7,cmmoi0ypd00041dukxj973xuc,5004163,株式会社専門教育出版_No398563.pdf,株式会社専門教育出版
cmpmcprid002k1dnvv37swh0j,cmmoi0ypd00041dukxj973xuc,5004163,求人票_株式会社テクニスコ_20260526170508222.pdf,株式会社テクニスコ
cmq7v2l7r00311dqcr6ck7uxf,cmmoi0ypd00041dukxj973xuc,5004163,株式会社専門教育出版_No398563.pdf,株式会社専門教育出版
cmq7v3oyn003c1dqcny7jjfb5,cmmoi0ypd00041dukxj973xuc,5004163,アルティウスリンク株式会社_No185406.pdf,アルティウスリンク株式会社
cmq7v3dm000391dqc03an2efx,cmmoi0ypd00041dukxj973xuc,5004163,求人票_株式会社ハイテック_20260610182153586.pdf,株式会社ハイテック
cmq7v2ojx00321dqcb764p36r,cmmoi0ypd00041dukxj973xuc,5004163,求人票_Diqit Business Solutions株式会社_20260610182153795.pdf,Diqit Business Solutions株式会社
cmq7v2s7n00331dqcpxl0de54,cmmoi0ypd00041dukxj973xuc,5004163,求人票_アルティウスリンク株式会社_20260610182152841.pdf,アルティウスリンク株式会社
cmq7v3ac300381dqc9hcj18n1,cmmoi0ypd00041dukxj973xuc,5004163,求人票_株式会社テクニスコ_20260610182154135.pdf,株式会社テクニスコ
cmpe21ybh00f51dmkt86x05gh,cmn7bm6w600001dmlo816r47q,5004237,求人票_株式会社メディコム_20260520214400945.pdf,株式会社メディコム
cmpe21v1j00f41dmkiqse3yzd,cmn7bm6w600001dmlo816r47q,5004237,求人票_株式会社マイクロアド_20260520214400828.pdf,株式会社マイクロアド
cmpwkl5uf00jb1dmuw034v9qe,cmpujhvau00nf1do552g7cw8y,5008008,求人票_株式会社ゲイン_20260602204102228.pdf,株式会社ゲイン
cmpwklkm700jg1dmuv7zwvbre,cmpujhvau00nf1do552g7cw8y,5008008,求人票_株式会社ピアラ_20260602204103085.pdf,株式会社ピアラ
cmpxruvuz00u31dmu3uelxqdy,cmpujhvau00nf1do552g7cw8y,5008008,株式会社ゲイン_No345668.pdf,株式会社ゲイン
cmpxrv2q600u51dmubg7s16pg,cmpujhvau00nf1do552g7cw8y,5008008,株式会社ピアラ_No179596.pdf,株式会社ピアラ
cmqi412e9007b1dpay8rs98wd,cmpujhvau00nf1do552g7cw8y,5008008,株式会社ピアラ_No179596.pdf,株式会社ピアラ
cmq0lppom002h1dqyh6wze568,cmnzhxckr001n1dmv2yb81sbb,5004359,求人票_金氏高麗人参株式会社_20260605162634757.pdf,金氏高麗人参株式会社
cmq0lpm56002g1dqyvmp7lsrw,cmnzhxckr001n1dmv2yb81sbb,5004359,求人票_アークレイインフィニティ株式会社　※アークレイグループ_20260605162634461.pdf,アークレイインフィニティ株式会社　※アークレイグループ
cmpqcilfh00lp1duojy2o3xd2,cmpl8242q000n1dpl4nl6n4iz,5007966,求人票_ヤマト電機株式会社_20260529120412739.pdf,ヤマト電機株式会社
cmpqciie600lo1duollaw05he,cmpl8242q000n1dpl4nl6n4iz,5007966,求人票_ヤマト電機株式会社_20260529120412617.pdf,ヤマト電機株式会社
cmqgq6zfv00q61dqlw1z0rpdq,cmpl8242q000n1dpl4nl6n4iz,5007966,求人票_リコーリース株式会社_20260616231313185.pdf,リコーリース株式会社
cmqgq5dfw00pq1dql1b6o3oh7,cmpl8242q000n1dpl4nl6n4iz,5007966,求人票_株式会社トキワ_20260616231313048.pdf,株式会社トキワ
cmqgq627u00px1dqlmk4457r5,cmpl8242q000n1dpl4nl6n4iz,5007966,求人票_明治機械株式会社_20260616231312690.pdf,明治機械株式会社
cmqgq6ast00pz1dqlc5d8caj2,cmpl8242q000n1dpl4nl6n4iz,5007966,求人票_野原グループ株式会社_20260616231313918.pdf,野原グループ株式会社
cmqgq6p3e00q31dqlpqp4tg8e,cmpl8242q000n1dpl4nl6n4iz,5007966,求人票_ガリレイパネルクリエイト株式会社_20260616231314532.pdf,ガリレイパネルクリエイト株式会社
cmqg82vpk00bl1dqlawzkxf2h,cmn5f50lb000e1dqsk7ml9rr6,5004165,求人票_株式会社大同キャスティングス_20260616144851061.pdf,株式会社大同キャスティングス
cmqg83g6000br1dqlqm588nli,cmn5f50lb000e1dqsk7ml9rr6,5004165,求人票_ブラザー工業株式会社_20260616144851569.pdf,ブラザー工業株式会社
cmqg836cm00bo1dqlv9x2l4o9,cmn5f50lb000e1dqsk7ml9rr6,5004165,求人票_エフシーテック株式会社_20260616144851316.pdf,エフシーテック株式会社
cmqg82zf300bm1dqlnjus64je,cmn5f50lb000e1dqsk7ml9rr6,5004165,求人票_興和株式会社_20260616144850030.pdf,興和株式会社
cmqg84b6600c21dqlg5plg1q9,cmn5f50lb000e1dqsk7ml9rr6,5004165,求人票_株式会社森創_20260616144850201.pdf,株式会社森創
cmqg8334o00bn1dqld73azgpg,cmn5f50lb000e1dqsk7ml9rr6,5004165,求人票_高砂電気工業株式会社_20260616144850312.pdf,高砂電気工業株式会社
cmqg83jq500bs1dql060rmuav,cmn5f50lb000e1dqsk7ml9rr6,5004165,求人票_ブラザー工業株式会社_20260616144851691.pdf,ブラザー工業株式会社
cmqg83nv000bu1dql1e6i7p7l,cmn5f50lb000e1dqsk7ml9rr6,5004165,求人票_ブラザー工業株式会社_20260616144851884.pdf,ブラザー工業株式会社
cmqg83r1000bv1dqll4w0430t,cmn5f50lb000e1dqsk7ml9rr6,5004165,求人票_株式会社 フジキカイ_20260616144850445.pdf,株式会社 フジキカイ
cmqg83uht00bw1dqlkxqzbx75,cmn5f50lb000e1dqsk7ml9rr6,5004165,求人票_株式会社 フジキカイ_20260616144850931.pdf,株式会社 フジキカイ
cmqg841b700by1dqlsa8ed8rw,cmn5f50lb000e1dqsk7ml9rr6,5004165,求人票_株式会社ＵＡＣＪ_20260616144850607.pdf,株式会社ＵＡＣＪ
cmqg847jx00c01dqlkd3zknyd,cmn5f50lb000e1dqsk7ml9rr6,5004165,求人票_株式会社森創_20260616144849502.pdf,株式会社森創
cmqhegqbf007t1dqvex4xpzn3,cmo9p75ib00001dqqn0lb8qnj,5004379,求人票_ＳＢＩアルヒ株式会社_20260617102718235.pdf,ＳＢＩアルヒ株式会社
cmqheghs4007r1dqvdfm3jdzd,cmo9p75ib00001dqqn0lb8qnj,5004379,求人票_Ａｐｅｘ株式会社_20260617102720627.pdf,Ａｐｅｘ株式会社
cmr19s3cz003l1dr3xgziowoe,cmqvxv0u1004m1dt9uhbnkhwu,5008136,求人票_日本郵政不動産株式会社.pdf,日本郵政不動産株式会社
cmr19rb6p003d1dr3bkogj100,cmqvxv0u1004m1dt9uhbnkhwu,5008136,求人票_穴吹興産株式会社.pdf,穴吹興産株式会社
cmr19s8dv003o1dr3famken4e,cmqvxv0u1004m1dt9uhbnkhwu,5008136,求人票_農林中央金庫.pdf,農林中央金庫
cmr19sph3003s1dr3zb7apead,cmqvxv0u1004m1dt9uhbnkhwu,5008136,求人票_株式会社ザイマックスグループ.pdf,株式会社ザイマックスグループ
cmqwg1y4d00a31dt9oneeot4r,cmqsxa8kq00451dt6vp3bv1sa,5008124,株式会社愛木_No455168.pdf,株式会社愛木
cmqwg4d2100au1dt99hs10i44,cmqsxa8kq00451dt6vp3bv1sa,5008124,株式会社愛木_No455086.pdf,株式会社愛木
